{
  "type": "minecraft:ore",
  "config": {
    "size": 7,
    "discard_chance_on_air_exposure": 0.2,
    "targets": [
      {
        "target": {
          "predicate_type": "minecraft:tag_match",
          "tag": "minecraft:stone_ore_replaceables"
        },
        "state": {
          "Name": "chemx:tungsten_ore"
        }
      },
      {
        "target": {
          "predicate_type": "minecraft:tag_match",
          "tag": "minecraft:deepslate_ore_replaceables"
        },
        "state": {
          "Name": "chemx:deepslate_tungsten_ore"
        }
      }
    ]
  }
}
